kind,apk,dex,class,constant,value,hex,low16,variant_index
profile,CANBUS_12.07.2024.apk,classes.dex,Lcom/syu/module/canbus/FinalCanbus;,CAR_439_CXW_Kairui_K50,8847799,0x8701b7,439,135
profile,CANBUS_12.07.2024.apk,classes.dex,Lcom/syu/module/canbus/FinalCanbus;,CAR_439_HC_Qiya_KaiZunK7,4719031,0x4801b7,439,72
profile,CANBUS_12.07.2024.apk,classes.dex,Lcom/syu/module/canbus/FinalCanbus;,CAR_443_WC2_XianDai_All_07Shengda,6422971,0x6201bb,443,98
profile,CANBUS_12.07.2024.apk,classes.dex,Lcom/syu/module/canbus/FinalCanbus;,CAR_443_WC2_XianDai_All_12SORENTO,6488507,0x6301bb,443,99
profile,CANBUS_12.07.2024.apk,classes.dex,Lcom/syu/module/canbus/FinalCanbus;,CAR_443_WC2_XianDai_All_15IX45_H,3015099,0x2e01bb,443,46
profile,CANBUS_12.07.2024.apk,classes.dex,Lcom/syu/module/canbus/FinalCanbus;,CAR_443_WC2_XianDai_All_16K5,2752955,0x2a01bb,443,42
profile,CANBUS_12.07.2024.apk,classes.dex,Lcom/syu/module/canbus/FinalCanbus;,CAR_443_WC2_XianDai_All_16KX5,2818491,0x2b01bb,443,43
profile,CANBUS_12.07.2024.apk,classes.dex,Lcom/syu/module/canbus/FinalCanbus;,CAR_443_WC2_XianDai_All_17KX7,3080635,0x2f01bb,443,47
profile,CANBUS_12.07.2024.apk,classes.dex,Lcom/syu/module/canbus/FinalCanbus;,CAR_443_WC2_XianDai_All_17KX7_H,3146171,0x3001bb,443,48
profile,CANBUS_12.07.2024.apk,classes.dex,Lcom/syu/module/canbus/FinalCanbus;,CAR_443_WC2_XianDai_All_17Sonata9,2949563,0x2d01bb,443,45
profile,CANBUS_12.07.2024.apk,classes.dex,Lcom/syu/module/canbus/FinalCanbus;,CAR_443_WC2_XianDai_All_18Encino,3342779,0x3301bb,443,51
profile,CANBUS_12.07.2024.apk,classes.dex,Lcom/syu/module/canbus/FinalCanbus;,CAR_443_WC2_XianDai_All_18OPTIMA,15073723,0xe601bb,443,230
profile,CANBUS_12.07.2024.apk,classes.dex,Lcom/syu/module/canbus/FinalCanbus;,CAR_443_WC2_XianDai_All_18Sonata9_L,3277243,0x3201bb,443,50
profile,CANBUS_12.07.2024.apk,classes.dex,Lcom/syu/module/canbus/FinalCanbus;,CAR_443_WC2_XianDai_All_18Sonata9_M,3211707,0x3101bb,443,49
profile,CANBUS_12.07.2024.apk,classes.dex,Lcom/syu/module/canbus/FinalCanbus;,CAR_443_WC2_XianDai_All_18Sportage,3408315,0x3401bb,443,52
profile,CANBUS_12.07.2024.apk,classes.dex,Lcom/syu/module/canbus/FinalCanbus;,CAR_443_WC2_XianDai_All_19Shengda,3473851,0x3501bb,443,53
profile,CANBUS_12.07.2024.apk,classes.dex,Lcom/syu/module/canbus/FinalCanbus;,CAR_443_WC2_XianDai_All_19Shengda_H,3867067,0x3b01bb,443,59
profile,CANBUS_12.07.2024.apk,classes.dex,Lcom/syu/module/canbus/FinalCanbus;,CAR_443_WC2_XianDai_All_22H1Starex,14483899,0xdd01bb,443,221
profile,CANBUS_12.07.2024.apk,classes.dex,Lcom/syu/module/canbus/FinalCanbus;,CAR_443_WC2_XianDai_All_22H1Starex_H,14549435,0xde01bb,443,222
profile,CANBUS_12.07.2024.apk,classes.dex,Lcom/syu/module/canbus/FinalCanbus;,CAR_443_WC2_XianDai_All_22NIRO,10158523,0x9b01bb,443,155
profile,CANBUS_12.07.2024.apk,classes.dex,Lcom/syu/module/canbus/FinalCanbus;,CAR_443_WC2_XianDai_All_IX35,1966523,0x1e01bb,443,30
profile,CANBUS_12.07.2024.apk,classes.dex,Lcom/syu/module/canbus/FinalCanbus;,CAR_443_WC2_XianDai_All_IX35_H,2032059,0x1f01bb,443,31
profile,CANBUS_12.07.2024.apk,classes.dex,Lcom/syu/module/canbus/FinalCanbus;,CAR_443_WC2_XianDai_All_IX45,2097595,0x2001bb,443,32
profile,CANBUS_12.07.2024.apk,classes.dex,Lcom/syu/module/canbus/FinalCanbus;,CAR_443_WC2_XianDai_All_IX45_H,2163131,0x2101bb,443,33
profile,CANBUS_12.07.2024.apk,classes.dex,Lcom/syu/module/canbus/FinalCanbus;,CAR_443_WC2_XianDai_All_KX5,9961915,0x9801bb,443,152
profile,CANBUS_12.07.2024.apk,classes.dex,Lcom/syu/module/canbus/FinalCanbus;,CAR_443_WC2_XianDai_All_Lingdong,2687419,0x2901bb,443,41
profile,CANBUS_12.07.2024.apk,classes.dex,Lcom/syu/module/canbus/FinalCanbus;,CAR_443_WC2_XianDai_All_Mingtu,2490811,0x2601bb,443,38
profile,CANBUS_12.07.2024.apk,classes.dex,Lcom/syu/module/canbus/FinalCanbus;,CAR_443_WC2_XianDai_All_Mingtu_H,2556347,0x2701bb,443,39
profile,CANBUS_12.07.2024.apk,classes.dex,Lcom/syu/module/canbus/FinalCanbus;,CAR_443_WC2_XianDai_All_Santafe,10092987,0x9a01bb,443,154
profile,CANBUS_12.07.2024.apk,classes.dex,Lcom/syu/module/canbus/FinalCanbus;,CAR_443_WC2_XianDai_All_Sonata8,2228667,0x2201bb,443,34
profile,CANBUS_12.07.2024.apk,classes.dex,Lcom/syu/module/canbus/FinalCanbus;,CAR_443_WC2_XianDai_All_Sonata8_H,2294203,0x2301bb,443,35
profile,CANBUS_12.07.2024.apk,classes.dex,Lcom/syu/module/canbus/FinalCanbus;,CAR_443_WC2_XianDai_All_Sonata9,2359739,0x2401bb,443,36
profile,CANBUS_12.07.2024.apk,classes.dex,Lcom/syu/module/canbus/FinalCanbus;,CAR_443_WC2_XianDai_All_Sonata9_H,2425275,0x2501bb,443,37
profile,CANBUS_12.07.2024.apk,classes.dex,Lcom/syu/module/canbus/FinalCanbus;,CAR_443_WC2_XianDai_All_Suolantuo,2884027,0x2c01bb,443,44
profile,CANBUS_12.07.2024.apk,classes.dex,Lcom/syu/module/canbus/FinalCanbus;,CAR_443_WC2_XianDai_All_TuSheng,2621883,0x2801bb,443,40
profile,CANBUS_12.07.2024.apk,classes.dex,Lcom/syu/module/canbus/FinalCanbus;,CAR_443_WC2_XianDai_All_VERACRUZ,10027451,0x9901bb,443,153
profile,CANBUS_12.07.2024.apk,classes.dex,Lcom/syu/module/canbus/FinalCanbus;,CAR_444_WC2_XianDai_All_22Staria,328124,0x501bc,444,5
profile,CANBUS_12.07.2024.apk,classes.dex,Lcom/syu/module/canbus/FinalCanbus;,CAR_444_WC2_XianDai_All_22Staria_H,393660,0x601bc,444,6
profile,CANBUS_12.07.2024.apk,classes.dex,Lcom/syu/module/canbus/FinalCanbus;,CAR_447_OD_RZC_19Tusheng,65983,0x101bf,447,1
profile,CANBUS_12.07.2024.apk,classes.dex,Lcom/syu/module/canbus/FinalCanbus;,CAR_447_OD_RZC_19Tusheng_H,131519,0x201bf,447,2
profile,CANBUS_12.07.2024.apk,classes.dex,Lcom/syu/module/canbus/FinalCanbus;,CAR_447_OD_RZC_19Tusheng_Top,197055,0x301bf,447,3
profile,CANBUS_12.07.2024.apk,classes.dex,Lcom/syu/module/canbus/FinalCanbus;,CAR_447_RZC_19IX45,262591,0x401bf,447,4
profile,CANBUS_12.07.2024.apk,classes.dex,Lcom/syu/module/canbus/FinalCanbus;,CAR_447_RZC_19IX45_H,328127,0x501bf,447,5
profile,CANBUS_12.07.2024.apk,classes.dex,Lcom/syu/module/canbus/FinalCanbus;,CAR_447_RZC_19IX45_Top,393663,0x601bf,447,6
profile,CANBUS_12.07.2024.apk,classes.dex,Lcom/syu/module/canbus/FinalCanbus;,CAR_452_CYT_Hyundai_VERACRUZ,5767620,0x5801c4,452,88
profile,CANBUS_12.07.2024.apk,classes.dex,Lcom/syu/module/canbus/FinalCanbus;,CAR_452_OD_Qirui_ICE_Shengdai,2949573,0x2d01c5,453,45
profile,CANBUS_12.07.2024.apk,classes.dex,Lcom/syu/module/canbus/FinalCanbus;,CAR_BNR_ShuPing_Sonata8,393571,0x60163,355,6
profile,CANBUS_12.07.2024.apk,classes.dex,Lcom/syu/module/canbus/FinalCanbus;,CAR_BNR_ShuPing_Sonata8_AMP,459107,0x70163,355,7
profile,CANBUS_12.07.2024.apk,classes.dex,Lcom/syu/module/canbus/FinalCanbus;,CAR_BNR_ShuPing_Sonata8_AMP_KEEPAIRPANEL,524643,0x80163,355,8
profile,CANBUS_12.07.2024.apk,classes.dex,Lcom/syu/module/canbus/FinalCanbus;,CAR_CYT_SHuPing_SoNaTa8,196776,0x300a8,168,3
profile,CANBUS_12.07.2024.apk,classes.dex,Lcom/syu/module/canbus/FinalCanbus;,CAR_CYT_SHuPing_SoNaTa8_D,327848,0x500a8,168,5
profile,CANBUS_12.07.2024.apk,classes.dex,Lcom/syu/module/canbus/FinalCanbus;,CAR_CYT_SHuPing_SoNaTa8_H,262312,0x400a8,168,4
profile,CANBUS_12.07.2024.apk,classes.dex,Lcom/syu/module/canbus/FinalCanbus;,CAR_CYT_ShuPing_QiYaK3,423,0x1a7,423,0
profile,CANBUS_12.07.2024.apk,classes.dex,Lcom/syu/module/canbus/FinalCanbus;,CAR_CYT_ShuPing_QiYaK3_H,65959,0x101a7,423,1
profile,CANBUS_12.07.2024.apk,classes.dex,Lcom/syu/module/canbus/FinalCanbus;,CAR_DJ_XIANDAI_Sorento,1442147,0x160163,355,22
profile,CANBUS_12.07.2024.apk,classes.dex,Lcom/syu/module/canbus/FinalCanbus;,CAR_DJ_XIANDAI_Sorento_H,2031971,0x1f0163,355,31
profile,CANBUS_12.07.2024.apk,classes.dex,Lcom/syu/module/canbus/FinalCanbus;,CAR_RZC3_16_QiYaK5,362,0x16a,362,0
profile,CANBUS_12.07.2024.apk,classes.dex,Lcom/syu/module/canbus/FinalCanbus;,CAR_RZC3_Qiya_15Grandeur,917866,0xe016a,362,14
profile,CANBUS_12.07.2024.apk,classes.dex,Lcom/syu/module/canbus/FinalCanbus;,CAR_RZC3_Qiya_16Cadenza,852330,0xd016a,362,13
profile,CANBUS_12.07.2024.apk,classes.dex,Lcom/syu/module/canbus/FinalCanbus;,CAR_RZC3_Qiya_16K3,1048938,0x10016a,362,16
profile,CANBUS_12.07.2024.apk,classes.dex,Lcom/syu/module/canbus/FinalCanbus;,CAR_RZC3_Qiya_17KX7,1114474,0x11016a,362,17
profile,CANBUS_12.07.2024.apk,classes.dex,Lcom/syu/module/canbus/FinalCanbus;,CAR_RZC3_Qiya_17KX_CORSS,1180010,0x12016a,362,18
profile,CANBUS_12.07.2024.apk,classes.dex,Lcom/syu/module/canbus/FinalCanbus;,CAR_RZC3_SoNaTa9,249,0xf9,249,0
profile,CANBUS_12.07.2024.apk,classes.dex,Lcom/syu/module/canbus/FinalCanbus;,CAR_RZC3_SoNaTa9_H,131321,0x200f9,249,2
profile,CANBUS_12.07.2024.apk,classes.dex,Lcom/syu/module/canbus/FinalCanbus;,CAR_RZC3_XianDai_15I40,786794,0xc016a,362,12
profile,CANBUS_12.07.2024.apk,classes.dex,Lcom/syu/module/canbus/FinalCanbus;,CAR_RZC3_XianDai_15Veloster,721258,0xb016a,362,11
profile,CANBUS_12.07.2024.apk,classes.dex,Lcom/syu/module/canbus/FinalCanbus;,CAR_RZC3_XianDai_AZERA_22,1573311,0x1801bf,447,24
profile,CANBUS_12.07.2024.apk,classes.dex,Lcom/syu/module/canbus/FinalCanbus;,CAR_RZC3_XianDai_AZERA_22_H,2097599,0x2001bf,447,32
profile,CANBUS_12.07.2024.apk,classes.dex,Lcom/syu/module/canbus/FinalCanbus;,CAR_RZC3_XianDai_AZERA_22_M,1835455,0x1c01bf,447,28
profile,CANBUS_12.07.2024.apk,classes.dex,Lcom/syu/module/canbus/FinalCanbus;,CAR_RZC3_XianDai_CARNIVAL_19,1704298,0x1a016a,362,26
profile,CANBUS_12.07.2024.apk,classes.dex,Lcom/syu/module/canbus/FinalCanbus;,CAR_RZC3_XianDai_CEED_11,1900906,0x1d016a,362,29
profile,CANBUS_12.07.2024.apk,classes.dex,Lcom/syu/module/canbus/FinalCanbus;,CAR_RZC3_XianDai_CRETA_22,1638847,0x1901bf,447,25
profile,CANBUS_12.07.2024.apk,classes.dex,Lcom/syu/module/canbus/FinalCanbus;,CAR_RZC3_XianDai_CRETA_22_H,2163135,0x2101bf,447,33
profile,CANBUS_12.07.2024.apk,classes.dex,Lcom/syu/module/canbus/FinalCanbus;,CAR_RZC3_XianDai_CRETA_22_M,1900991,0x1d01bf,447,29
profile,CANBUS_12.07.2024.apk,classes.dex,Lcom/syu/module/canbus/FinalCanbus;,CAR_RZC3_XianDai_I30_15,1835370,0x1c016a,362,28
profile,CANBUS_12.07.2024.apk,classes.dex,Lcom/syu/module/canbus/FinalCanbus;,CAR_RZC3_XianDai_OPTIMA_17,2294207,0x2301bf,447,35
profile,CANBUS_12.07.2024.apk,classes.dex,Lcom/syu/module/canbus/FinalCanbus;,CAR_RZC3_XianDai_OPTIMA_17_H,2359743,0x2401bf,447,36
profile,CANBUS_12.07.2024.apk,classes.dex,Lcom/syu/module/canbus/FinalCanbus;,CAR_RZC3_XianDai_Qiya_10_15IX35,393578,0x6016a,362,6
profile,CANBUS_12.07.2024.apk,classes.dex,Lcom/syu/module/canbus/FinalCanbus;,CAR_RZC3_XianDai_Qiya_15Sonata8,983402,0xf016a,362,15
profile,CANBUS_12.07.2024.apk,classes.dex,Lcom/syu/module/canbus/FinalCanbus;,CAR_RZC3_XianDai_Qiya_18Sonata9_H,328042,0x5016a,362,5
profile,CANBUS_12.07.2024.apk,classes.dex,Lcom/syu/module/canbus/FinalCanbus;,CAR_RZC3_XianDai_Qiya_18Sonata9_L,196970,0x3016a,362,3
profile,CANBUS_12.07.2024.apk,classes.dex,Lcom/syu/module/canbus/FinalCanbus;,CAR_RZC3_XianDai_Qiya_18Sonata9_M,262506,0x4016a,362,4
profile,CANBUS_12.07.2024.apk,classes.dex,Lcom/syu/module/canbus/FinalCanbus;,CAR_RZC3_XianDai_Qiya_19FeiSiTa,459114,0x7016a,362,7
profile,CANBUS_12.07.2024.apk,classes.dex,Lcom/syu/module/canbus/FinalCanbus;,CAR_RZC3_XianDai_Qiya_19FeiSiTa_L,655722,0xa016a,362,10
profile,CANBUS_12.07.2024.apk,classes.dex,Lcom/syu/module/canbus/FinalCanbus;,CAR_RZC3_XianDai_Qiya_19K3,721343,0xb01bf,447,11
profile,CANBUS_12.07.2024.apk,classes.dex,Lcom/syu/module/canbus/FinalCanbus;,CAR_RZC3_XianDai_Qiya_19K3_E,852415,0xd01bf,447,13
profile,CANBUS_12.07.2024.apk,classes.dex,Lcom/syu/module/canbus/FinalCanbus;,CAR_RZC3_XianDai_Qiya_19K5_E,917951,0xe01bf,447,14
profile,CANBUS_12.07.2024.apk,classes.dex,Lcom/syu/module/canbus/FinalCanbus;,CAR_RZC3_XianDai_Qiya_19KX5,590271,0x901bf,447,9
profile,CANBUS_12.07.2024.apk,classes.dex,Lcom/syu/module/canbus/FinalCanbus;,CAR_RZC3_XianDai_Qiya_19KX5_H,655807,0xa01bf,447,10
profile,CANBUS_12.07.2024.apk,classes.dex,Lcom/syu/module/canbus/FinalCanbus;,CAR_RZC3_XianDai_Qiya_19Tusheng,459199,0x701bf,447,7
profile,CANBUS_12.07.2024.apk,classes.dex,Lcom/syu/module/canbus/FinalCanbus;,CAR_RZC3_XianDai_Qiya_19Tusheng_H,524735,0x801bf,447,8
profile,CANBUS_12.07.2024.apk,classes.dex,Lcom/syu/module/canbus/FinalCanbus;,CAR_RZC3_XianDai_Qiya_All,131434,0x2016a,362,2
profile,CANBUS_12.07.2024.apk,classes.dex,Lcom/syu/module/canbus/FinalCanbus;,CAR_RZC3_XianDai_Qiya_All_H,524650,0x8016a,362,8
profile,CANBUS_12.07.2024.apk,classes.dex,Lcom/syu/module/canbus/FinalCanbus;,CAR_RZC3_XianDai_Qiya_IX35_10,1769834,0x1b016a,362,27
profile,CANBUS_12.07.2024.apk,classes.dex,Lcom/syu/module/canbus/FinalCanbus;,CAR_RZC3_XianDai_Qiya_KX3,1114559,0x1101bf,447,17
profile,CANBUS_12.07.2024.apk,classes.dex,Lcom/syu/module/canbus/FinalCanbus;,CAR_RZC3_XianDai_Qiya_KX3_H,1180095,0x1201bf,447,18
profile,CANBUS_12.07.2024.apk,classes.dex,Lcom/syu/module/canbus/FinalCanbus;,CAR_RZC3_XianDai_Qiya_Sonata9H_E,1049023,0x1001bf,447,16
profile,CANBUS_12.07.2024.apk,classes.dex,Lcom/syu/module/canbus/FinalCanbus;,CAR_RZC3_XianDai_Qiya_Sonata9M_E,983487,0xf01bf,447,15
profile,CANBUS_12.07.2024.apk,classes.dex,Lcom/syu/module/canbus/FinalCanbus;,CAR_RZC3_XianDai_Qiya_Sonata9_E,786879,0xc01bf,447,12
profile,CANBUS_12.07.2024.apk,classes.dex,Lcom/syu/module/canbus/FinalCanbus;,CAR_RZC3_XianDai_Rohens,590186,0x9016a,362,9
profile,CANBUS_12.07.2024.apk,classes.dex,Lcom/syu/module/canbus/FinalCanbus;,CAR_RZC3_XianDai_Rohens_Coupe,1245546,0x13016a,362,19
profile,CANBUS_12.07.2024.apk,classes.dex,Lcom/syu/module/canbus/FinalCanbus;,CAR_RZC3_XianDai_Rohens_Coupe_12,1311082,0x14016a,362,20
profile,CANBUS_12.07.2024.apk,classes.dex,Lcom/syu/module/canbus/FinalCanbus;,CAR_RZC3_XianDai_Rohens_Coupe_12_H,1376618,0x15016a,362,21
profile,CANBUS_12.07.2024.apk,classes.dex,Lcom/syu/module/canbus/FinalCanbus;,CAR_RZC3_XianDai_SANTAFE_17,2425279,0x2501bf,447,37
profile,CANBUS_12.07.2024.apk,classes.dex,Lcom/syu/module/canbus/FinalCanbus;,CAR_RZC3_XianDai_SANTAFE_17_H,2490815,0x2601bf,447,38
profile,CANBUS_12.07.2024.apk,classes.dex,Lcom/syu/module/canbus/FinalCanbus;,CAR_RZC3_XianDai_SONATA_21,1507775,0x1701bf,447,23
profile,CANBUS_12.07.2024.apk,classes.dex,Lcom/syu/module/canbus/FinalCanbus;,CAR_RZC3_XianDai_SONATA_21_H,2032063,0x1f01bf,447,31
profile,CANBUS_12.07.2024.apk,classes.dex,Lcom/syu/module/canbus/FinalCanbus;,CAR_RZC3_XianDai_SONATA_21_M,1769919,0x1b01bf,447,27
profile,CANBUS_12.07.2024.apk,classes.dex,Lcom/syu/module/canbus/FinalCanbus;,CAR_RZC3_XianDai_SOUL_19,1638762,0x19016a,362,25
profile,CANBUS_12.07.2024.apk,classes.dex,Lcom/syu/module/canbus/FinalCanbus;,CAR_RZC3_XianDai_SPORTAGE_16,1442154,0x16016a,362,22
profile,CANBUS_12.07.2024.apk,classes.dex,Lcom/syu/module/canbus/FinalCanbus;,CAR_RZC3_XianDai_STARGAZER_22,1704383,0x1a01bf,447,26
profile,CANBUS_12.07.2024.apk,classes.dex,Lcom/syu/module/canbus/FinalCanbus;,CAR_RZC3_XianDai_STARGAZER_22_H,2228671,0x2201bf,447,34
profile,CANBUS_12.07.2024.apk,classes.dex,Lcom/syu/module/canbus/FinalCanbus;,CAR_RZC3_XianDai_STARGAZER_22_M,1966527,0x1e01bf,447,30
profile,CANBUS_12.07.2024.apk,classes.dex,Lcom/syu/module/canbus/FinalCanbus;,CAR_RZC3_XianDai_Sorento_21,1311167,0x1401bf,447,20
profile,CANBUS_12.07.2024.apk,classes.dex,Lcom/syu/module/canbus/FinalCanbus;,CAR_RZC3_XianDai_Sorento_21_H,1376703,0x1501bf,447,21
profile,CANBUS_12.07.2024.apk,classes.dex,Lcom/syu/module/canbus/FinalCanbus;,CAR_RZC3_XianDai_Sorento_21_M,1442239,0x1601bf,447,22
profile,CANBUS_12.07.2024.apk,classes.dex,Lcom/syu/module/canbus/FinalCanbus;,CAR_RZC3_XiandaiIX35_H,131209,0x20089,137,2
profile,CANBUS_12.07.2024.apk,classes.dex,Lcom/syu/module/canbus/FinalCanbus;,CAR_RZC3_XiandaiIX35_L,137,0x89,137,0
profile,CANBUS_12.07.2024.apk,classes.dex,Lcom/syu/module/canbus/FinalCanbus;,CAR_RZC3_XiandaiIX45,102,0x66,102,0
profile,CANBUS_12.07.2024.apk,classes.dex,Lcom/syu/module/canbus/FinalCanbus;,CAR_RZC3_ZYC_IX35,119,0x77,119,0
profile,CANBUS_12.07.2024.apk,classes.dex,Lcom/syu/module/canbus/FinalCanbus;,CAR_RZC_16_QiYaKX5,393,0x189,393,0
profile,CANBUS_12.07.2024.apk,classes.dex,Lcom/syu/module/canbus/FinalCanbus;,CAR_RZC_16_QiYaKaiShen,262537,0x40189,393,4
profile,CANBUS_12.07.2024.apk,classes.dex,Lcom/syu/module/canbus/FinalCanbus;,CAR_WC1_XianDaiIX45,55,0x37,55,0
profile,CANBUS_12.07.2024.apk,classes.dex,Lcom/syu/module/canbus/FinalCanbus;,CAR_WC2_16TuSheng,366,0x16e,366,0
profile,CANBUS_12.07.2024.apk,classes.dex,Lcom/syu/module/canbus/FinalCanbus;,CAR_WC2_16_QiYaK5,351,0x15f,351,0
profile,CANBUS_12.07.2024.apk,classes.dex,Lcom/syu/module/canbus/FinalCanbus;,CAR_WC_16_QiYaKX5,394,0x18a,394,0
profile,CANBUS_12.07.2024.apk,classes.dex,Lcom/syu/module/canbus/FinalCanbus;,CAR_WC_16_QiYaKX5_WITH_CYT_SHUPING_K3AIR,262538,0x4018a,394,4
profile,CANBUS_12.07.2024.apk,classes.dex,Lcom/syu/module/canbus/FinalCanbus;,CAR_WC_16_QiYaLINGDONG,65930,0x1018a,394,1
profile,CANBUS_12.07.2024.apk,classes.dex,Lcom/syu/module/canbus/FinalCanbus;,CAR_XBS_XP1_16QIYA_K5,389,0x185,389,0
profile,CANBUS_12.07.2024.apk,classes.dex,Lcom/syu/module/canbus/FinalCanbus;,CAR_XP1_16_TuSheng,367,0x16f,367,0
profile,CANBUS_12.07.2024.apk,classes.dex,Lcom/syu/module/canbus/FinalCanbus;,CAR_XP1_16_TuSheng_H,65903,0x1016f,367,1
profile,CANBUS_12.07.2024.apk,classes.dex,Lcom/syu/module/canbus/FinalCanbus;,CAR_XP1_18SoNaTa9_H,786698,0xc010a,266,12
profile,CANBUS_12.07.2024.apk,classes.dex,Lcom/syu/module/canbus/FinalCanbus;,CAR_XP1_18SoNaTa9_L,655626,0xa010a,266,10
profile,CANBUS_12.07.2024.apk,classes.dex,Lcom/syu/module/canbus/FinalCanbus;,CAR_XP1_18SoNaTa9_M,721162,0xb010a,266,11
profile,CANBUS_12.07.2024.apk,classes.dex,Lcom/syu/module/canbus/FinalCanbus;,CAR_XP1_19SoNaTa9,852234,0xd010a,266,13
profile,CANBUS_12.07.2024.apk,classes.dex,Lcom/syu/module/canbus/FinalCanbus;,CAR_XP1_SoNaTa9,266,0x10a,266,0
profile,CANBUS_12.07.2024.apk,classes.dex,Lcom/syu/module/canbus/FinalCanbus;,CAR_XP1_SoNaTa9_AMP,131338,0x2010a,266,2
profile,CANBUS_12.07.2024.apk,classes.dex,Lcom/syu/module/canbus/FinalCanbus;,CAR_XP1_SoNaTa_L,168,0xa8,168,0
profile,CANBUS_12.07.2024.apk,classes.dex,Lcom/syu/module/canbus/FinalCanbus;,CAR_XP1_XiandaiIX45_H,131103,0x2001f,31,2
profile,CANBUS_12.07.2024.apk,classes.dex,Lcom/syu/module/canbus/FinalCanbus;,CAR_XP1_XiandaiIX45_L,31,0x1f,31,0
profile,CANBUS_12.07.2024.apk,classes.dex,Lcom/syu/module/canbus/FinalCanbus;,CAR_XP1_XiandaiIX45_M,65567,0x1001f,31,1
profile,CANBUS_12.07.2024.apk,classes.dex,Lcom/syu/module/canbus/FinalCanbus;,CAR_XP_16QiYaKX5,1704291,0x1a0163,355,26
profile,CANBUS_12.07.2024.apk,classes.dex,Lcom/syu/module/canbus/FinalCanbus;,CAR_XP_16QiYaKX5_H,1835363,0x1c0163,355,28
profile,CANBUS_12.07.2024.apk,classes.dex,Lcom/syu/module/canbus/FinalCanbus;,CAR_XP_16QiYaKX5_H_Noamp,2228579,0x220163,355,34
profile,CANBUS_12.07.2024.apk,classes.dex,Lcom/syu/module/canbus/FinalCanbus;,CAR_XP_16QiYaKX5_M,1769827,0x1b0163,355,27
profile,CANBUS_12.07.2024.apk,classes.dex,Lcom/syu/module/canbus/FinalCanbus;,CAR_XP_18KIA_carnival,2163043,0x210163,355,33
profile,CANBUS_12.07.2024.apk,classes.dex,Lcom/syu/module/canbus/FinalCanbus;,CAR_XP_18QiYaK5,1507683,0x170163,355,23
profile,CANBUS_12.07.2024.apk,classes.dex,Lcom/syu/module/canbus/FinalCanbus;,CAR_XP_18QiYaK5_H,1638755,0x190163,355,25
profile,CANBUS_12.07.2024.apk,classes.dex,Lcom/syu/module/canbus/FinalCanbus;,CAR_XP_18QiYaK5_M,1573219,0x180163,355,24
profile,CANBUS_12.07.2024.apk,classes.dex,Lcom/syu/module/canbus/FinalCanbus;,CAR_XP_19QiYa_Sportage_H,1966435,0x1e0163,355,30
profile,CANBUS_12.07.2024.apk,classes.dex,Lcom/syu/module/canbus/FinalCanbus;,CAR_XP_19QiYa_Sportage_L,2097507,0x200163,355,32
profile,CANBUS_12.07.2024.apk,classes.dex,Lcom/syu/module/canbus/FinalCanbus;,CAR_XP_19QiYa_Sportage_M,1900899,0x1d0163,355,29
profile,CANBUS_12.07.2024.apk,classes.dex,Lcom/syu/module/canbus/FinalCanbus;,CAR_XP_QiYaK5,355,0x163,355,0
profile,CANBUS_12.07.2024.apk,classes.dex,Lcom/syu/module/canbus/FinalCanbus;,CAR_XP_QiYaK5_H,131427,0x20163,355,2
profile,CANBUS_12.07.2024.apk,classes.dex,Lcom/syu/module/canbus/FinalCanbus;,CAR_XP_QiYaK5_M,65891,0x10163,355,1
profile,CANBUS_12.07.2024.apk,classes.dex,Lcom/syu/module/canbus/FinalCanbus;,CAR_XP_XIANDAI_ALl_IX45_H,1114467,0x110163,355,17
mcu_command,CANBUS_12.07.2024.apk,classes.dex,Lcom/syu/module/canbus/FinalCanbus;,C_CAMERA_MODE,1005,0x3ed,,
mcu_command,CANBUS_12.07.2024.apk,classes.dex,Lcom/syu/module/canbus/FinalCanbus;,C_CANBUS_CAR_DOOR,1035,0x40b,,
mcu_command,CANBUS_12.07.2024.apk,classes.dex,Lcom/syu/module/canbus/FinalCanbus;,C_MISC_BEGIN,1000,0x3e8,,
mcu_command,CANBUS_12.07.2024.apk,classes.dex,Lcom/syu/module/canbus/FinalCanbus;,G_MCU_CANBUS_SUPPORT,1000,0x3e8,,
mcu_command,CANBUS_12.07.2024.apk,classes.dex,Lcom/syu/module/canbus/FinalCanbus;,G_MISC_BEGIN,1000,0x3e8,,
mcu_command,CANBUS_12.07.2024.apk,classes.dex,Lcom/syu/module/canbus/FinalCanbus;,U_AIR_AC,11,0xb,,
mcu_command,CANBUS_12.07.2024.apk,classes.dex,Lcom/syu/module/canbus/FinalCanbus;,U_AIR_ACMAX,53,0x35,,
mcu_command,CANBUS_12.07.2024.apk,classes.dex,Lcom/syu/module/canbus/FinalCanbus;,U_AIR_AQS,54,0x36,,
mcu_command,CANBUS_12.07.2024.apk,classes.dex,Lcom/syu/module/canbus/FinalCanbus;,U_AIR_AUTO,13,0xd,,
mcu_command,CANBUS_12.07.2024.apk,classes.dex,Lcom/syu/module/canbus/FinalCanbus;,U_AIR_AUTO_RIGHT,26,0x1a,,
mcu_command,CANBUS_12.07.2024.apk,classes.dex,Lcom/syu/module/canbus/FinalCanbus;,U_AIR_AUTO_WIN_BLOW,74,0x4a,,
mcu_command,CANBUS_12.07.2024.apk,classes.dex,Lcom/syu/module/canbus/FinalCanbus;,U_AIR_AUTO_WIN_LEV,73,0x49,,
mcu_command,CANBUS_12.07.2024.apk,classes.dex,Lcom/syu/module/canbus/FinalCanbus;,U_AIR_BEGIN,10,0xa,,
mcu_command,CANBUS_12.07.2024.apk,classes.dex,Lcom/syu/module/canbus/FinalCanbus;,U_AIR_BLOW_AUTO_LEFT,49,0x31,,
mcu_command,CANBUS_12.07.2024.apk,classes.dex,Lcom/syu/module/canbus/FinalCanbus;,U_AIR_BLOW_AUTO_RIGHT,50,0x32,,
mcu_command,CANBUS_12.07.2024.apk,classes.dex,Lcom/syu/module/canbus/FinalCanbus;,U_AIR_BLOW_BODY_LEFT,19,0x13,,
mcu_command,CANBUS_12.07.2024.apk,classes.dex,Lcom/syu/module/canbus/FinalCanbus;,U_AIR_BLOW_BODY_RIGHT,23,0x17,,
mcu_command,CANBUS_12.07.2024.apk,classes.dex,Lcom/syu/module/canbus/FinalCanbus;,U_AIR_BLOW_FOOT_LEFT,20,0x14,,
mcu_command,CANBUS_12.07.2024.apk,classes.dex,Lcom/syu/module/canbus/FinalCanbus;,U_AIR_BLOW_FOOT_RIGHT,24,0x18,,
mcu_command,CANBUS_12.07.2024.apk,classes.dex,Lcom/syu/module/canbus/FinalCanbus;,U_AIR_BLOW_HEAD,72,0x48,,
mcu_command,CANBUS_12.07.2024.apk,classes.dex,Lcom/syu/module/canbus/FinalCanbus;,U_AIR_BLOW_MODE_LEFT,77,0x4d,,
mcu_command,CANBUS_12.07.2024.apk,classes.dex,Lcom/syu/module/canbus/FinalCanbus;,U_AIR_BLOW_MODE_RIGHT,87,0x57,,
mcu_command,CANBUS_12.07.2024.apk,classes.dex,Lcom/syu/module/canbus/FinalCanbus;,U_AIR_BLOW_UP_LEFT,18,0x12,,
mcu_command,CANBUS_12.07.2024.apk,classes.dex,Lcom/syu/module/canbus/FinalCanbus;,U_AIR_BLOW_UP_RIGHT,22,0x16,,
mcu_command,CANBUS_12.07.2024.apk,classes.dex,Lcom/syu/module/canbus/FinalCanbus;,U_AIR_CLEAN,76,0x4c,,
mcu_command,CANBUS_12.07.2024.apk,classes.dex,Lcom/syu/module/canbus/FinalCanbus;,U_AIR_CYCLE,12,0xc,,
mcu_command,CANBUS_12.07.2024.apk,classes.dex,Lcom/syu/module/canbus/FinalCanbus;,U_AIR_CYCLE_AUTO,36,0x24,,
mcu_command,CANBUS_12.07.2024.apk,classes.dex,Lcom/syu/module/canbus/FinalCanbus;,U_AIR_DUAL,14,0xe,,
mcu_command,CANBUS_12.07.2024.apk,classes.dex,Lcom/syu/module/canbus/FinalCanbus;,U_AIR_ECO,52,0x34,,
mcu_command,CANBUS_12.07.2024.apk,classes.dex,Lcom/syu/module/canbus/FinalCanbus;,U_AIR_END,93,0x5d,,
mcu_command,CANBUS_12.07.2024.apk,classes.dex,Lcom/syu/module/canbus/FinalCanbus;,U_AIR_FAST,70,0x46,,
mcu_command,CANBUS_12.07.2024.apk,classes.dex,Lcom/syu/module/canbus/FinalCanbus;,U_AIR_FLOW_AUTO,33,0x21,,
mcu_command,CANBUS_12.07.2024.apk,classes.dex,Lcom/syu/module/canbus/FinalCanbus;,U_AIR_FRONT_DEFROST,65,0x41,,
mcu_command,CANBUS_12.07.2024.apk,classes.dex,Lcom/syu/module/canbus/FinalCanbus;,U_AIR_FRONT_HOT,17,0x11,,
mcu_command,CANBUS_12.07.2024.apk,classes.dex,Lcom/syu/module/canbus/FinalCanbus;,U_AIR_FRONT_ONLY,92,0x5c,,
mcu_command,CANBUS_12.07.2024.apk,classes.dex,Lcom/syu/module/canbus/FinalCanbus;,U_AIR_FULL,79,0x4f,,
mcu_command,CANBUS_12.07.2024.apk,classes.dex,Lcom/syu/module/canbus/FinalCanbus;,U_AIR_FULL_LEFT,60,0x3c,,
mcu_command,CANBUS_12.07.2024.apk,classes.dex,Lcom/syu/module/canbus/FinalCanbus;,U_AIR_FULL_RIGHT,61,0x3d,,
mcu_command,CANBUS_12.07.2024.apk,classes.dex,Lcom/syu/module/canbus/FinalCanbus;,U_AIR_HEAT,63,0x3f,,
mcu_command,CANBUS_12.07.2024.apk,classes.dex,Lcom/syu/module/canbus/FinalCanbus;,U_AIR_HOT_STEER,66,0x42,,
mcu_command,CANBUS_12.07.2024.apk,classes.dex,Lcom/syu/module/canbus/FinalCanbus;,U_AIR_ION,58,0x3a,,
mcu_command,CANBUS_12.07.2024.apk,classes.dex,Lcom/syu/module/canbus/FinalCanbus;,U_AIR_MAX_FRONT,15,0xf,,
mcu_command,CANBUS_12.07.2024.apk,classes.dex,Lcom/syu/module/canbus/FinalCanbus;,U_AIR_MONO,55,0x37,,
mcu_command,CANBUS_12.07.2024.apk,classes.dex,Lcom/syu/module/canbus/FinalCanbus;,U_AIR_NANOE,34,0x22,,
mcu_command,CANBUS_12.07.2024.apk,classes.dex,Lcom/syu/module/canbus/FinalCanbus;,U_AIR_PARK,80,0x50,,
mcu_command,CANBUS_12.07.2024.apk,classes.dex,Lcom/syu/module/canbus/FinalCanbus;,U_AIR_POWER,10,0xa,,
mcu_command,CANBUS_12.07.2024.apk,classes.dex,Lcom/syu/module/canbus/FinalCanbus;,U_AIR_PTC,68,0x44,,
mcu_command,CANBUS_12.07.2024.apk,classes.dex,Lcom/syu/module/canbus/FinalCanbus;,U_AIR_REAR,38,0x26,,
mcu_command,CANBUS_12.07.2024.apk,classes.dex,Lcom/syu/module/canbus/FinalCanbus;,U_AIR_REARVIEW_HOT,59,0x3b,,
mcu_command,CANBUS_12.07.2024.apk,classes.dex,Lcom/syu/module/canbus/FinalCanbus;,U_AIR_REAR_AC,78,0x4e,,
mcu_command,CANBUS_12.07.2024.apk,classes.dex,Lcom/syu/module/canbus/FinalCanbus;,U_AIR_REAR_AUTO,43,0x2b,,
mcu_command,CANBUS_12.07.2024.apk,classes.dex,Lcom/syu/module/canbus/FinalCanbus;,U_AIR_REAR_AUTO_RIGHT,81,0x51,,
mcu_command,CANBUS_12.07.2024.apk,classes.dex,Lcom/syu/module/canbus/FinalCanbus;,U_AIR_REAR_BLOW_BODY,46,0x2e,,
mcu_command,CANBUS_12.07.2024.apk,classes.dex,Lcom/syu/module/canbus/FinalCanbus;,U_AIR_REAR_BLOW_BODY_RIGHT,82,0x52,,
mcu_command,CANBUS_12.07.2024.apk,classes.dex,Lcom/syu/module/canbus/FinalCanbus;,U_AIR_REAR_BLOW_FOOT,47,0x2f,,
mcu_command,CANBUS_12.07.2024.apk,classes.dex,Lcom/syu/module/canbus/FinalCanbus;,U_AIR_REAR_BLOW_FOOT_RIGHT,83,0x53,,
mcu_command,CANBUS_12.07.2024.apk,classes.dex,Lcom/syu/module/canbus/FinalCanbus;,U_AIR_REAR_BLOW_UP,48,0x30,,
mcu_command,CANBUS_12.07.2024.apk,classes.dex,Lcom/syu/module/canbus/FinalCanbus;,U_AIR_REAR_BLOW_UP_RIGHT,84,0x54,,
mcu_command,CANBUS_12.07.2024.apk,classes.dex,Lcom/syu/module/canbus/FinalCanbus;,U_AIR_REAR_COOL,85,0x55,,
mcu_command,CANBUS_12.07.2024.apk,classes.dex,Lcom/syu/module/canbus/FinalCanbus;,U_AIR_REAR_DEFROST,16,0x10,,
mcu_command,CANBUS_12.07.2024.apk,classes.dex,Lcom/syu/module/canbus/FinalCanbus;,U_AIR_REAR_DUAL,39,0x27,,
mcu_command,CANBUS_12.07.2024.apk,classes.dex,Lcom/syu/module/canbus/FinalCanbus;,U_AIR_REAR_LOCK,67,0x43,,
mcu_command,CANBUS_12.07.2024.apk,classes.dex,Lcom/syu/module/canbus/FinalCanbus;,U_AIR_REAR_MANUAL,86,0x56,,
mcu_command,CANBUS_12.07.2024.apk,classes.dex,Lcom/syu/module/canbus/FinalCanbus;,U_AIR_REAR_POWER,42,0x2a,,
mcu_command,CANBUS_12.07.2024.apk,classes.dex,Lcom/syu/module/canbus/FinalCanbus;,U_AIR_REAR_SEAT_BLOW_LEFT,90,0x5a,,
mcu_command,CANBUS_12.07.2024.apk,classes.dex,Lcom/syu/module/canbus/FinalCanbus;,U_AIR_REAR_SEAT_BLOW_RIGHT,91,0x5b,,
mcu_command,CANBUS_12.07.2024.apk,classes.dex,Lcom/syu/module/canbus/FinalCanbus;,U_AIR_REAR_SEAT_HOT_LEFT,88,0x58,,
mcu_command,CANBUS_12.07.2024.apk,classes.dex,Lcom/syu/module/canbus/FinalCanbus;,U_AIR_REAR_SEAT_HOT_RIGHT,89,0x59,,
mcu_command,CANBUS_12.07.2024.apk,classes.dex,Lcom/syu/module/canbus/FinalCanbus;,U_AIR_REAR_TEMP_LEFT,40,0x28,,
mcu_command,CANBUS_12.07.2024.apk,classes.dex,Lcom/syu/module/canbus/FinalCanbus;,U_AIR_REAR_TEMP_RIGHT,41,0x29,,
mcu_command,CANBUS_12.07.2024.apk,classes.dex,Lcom/syu/module/canbus/FinalCanbus;,U_AIR_REAR_VIEW_HOT,45,0x2d,,
mcu_command,CANBUS_12.07.2024.apk,classes.dex,Lcom/syu/module/canbus/FinalCanbus;,U_AIR_REAR_WIN_LEV,44,0x2c,,
mcu_command,CANBUS_12.07.2024.apk,classes.dex,Lcom/syu/module/canbus/FinalCanbus;,U_AIR_SEAT_BLOW_LEFT,31,0x1f,,
mcu_command,CANBUS_12.07.2024.apk,classes.dex,Lcom/syu/module/canbus/FinalCanbus;,U_AIR_SEAT_BLOW_RIGHT,32,0x20,,
mcu_command,CANBUS_12.07.2024.apk,classes.dex,Lcom/syu/module/canbus/FinalCanbus;,U_AIR_SEAT_HOT_LEFT,29,0x1d,,
mcu_command,CANBUS_12.07.2024.apk,classes.dex,Lcom/syu/module/canbus/FinalCanbus;,U_AIR_SEAT_HOT_RIGHT,30,0x1e,,
mcu_command,CANBUS_12.07.2024.apk,classes.dex,Lcom/syu/module/canbus/FinalCanbus;,U_AIR_SOFT,71,0x47,,
mcu_command,CANBUS_12.07.2024.apk,classes.dex,Lcom/syu/module/canbus/FinalCanbus;,U_AIR_SWING,35,0x23,,
mcu_command,CANBUS_12.07.2024.apk,classes.dex,Lcom/syu/module/canbus/FinalCanbus;,U_AIR_SYNC,62,0x3e,,
mcu_command,CANBUS_12.07.2024.apk,classes.dex,Lcom/syu/module/canbus/FinalCanbus;,U_AIR_TEMP_LEFT,27,0x1b,,
mcu_command,CANBUS_12.07.2024.apk,classes.dex,Lcom/syu/module/canbus/FinalCanbus;,U_AIR_TEMP_RIGHT,28,0x1c,,
mcu_command,CANBUS_12.07.2024.apk,classes.dex,Lcom/syu/module/canbus/FinalCanbus;,U_AIR_TEMP_TYPE,75,0x4b,,
mcu_command,CANBUS_12.07.2024.apk,classes.dex,Lcom/syu/module/canbus/FinalCanbus;,U_AIR_TEMP_UNIT,37,0x25,,
mcu_command,CANBUS_12.07.2024.apk,classes.dex,Lcom/syu/module/canbus/FinalCanbus;,U_AIR_TRMP_SET_V,56,0x38,,
mcu_command,CANBUS_12.07.2024.apk,classes.dex,Lcom/syu/module/canbus/FinalCanbus;,U_AIR_WINDOW_ENABLE,1001,0x3e9,,
mcu_command,CANBUS_12.07.2024.apk,classes.dex,Lcom/syu/module/canbus/FinalCanbus;,U_AIR_WIND_LEVEL_LEFT,21,0x15,,
mcu_command,CANBUS_12.07.2024.apk,classes.dex,Lcom/syu/module/canbus/FinalCanbus;,U_AIR_WIND_LEVEL_RIGHT,25,0x19,,
mcu_command,CANBUS_12.07.2024.apk,classes.dex,Lcom/syu/module/canbus/FinalCanbus;,U_AIR_WIND_STRENGTH,51,0x33,,
mcu_command,CANBUS_12.07.2024.apk,classes.dex,Lcom/syu/module/canbus/FinalCanbus;,U_AIR_ZONE,57,0x39,,
mcu_command,CANBUS_12.07.2024.apk,classes.dex,Lcom/syu/module/canbus/FinalCanbus;,U_AUTO_LEV,69,0x45,,
mcu_command,CANBUS_12.07.2024.apk,classes.dex,Lcom/syu/module/canbus/FinalCanbus;,U_CANBUS_ID,1000,0x3e8,,
mcu_command,CANBUS_12.07.2024.apk,classes.dex,Lcom/syu/module/canbus/FinalCanbus;,U_CARINFO_AIR_LEV,64,0x40,,
mcu_command,CANBUS_12.07.2024.apk,classes.dex,Lcom/syu/module/canbus/FinalCanbus;,U_CAR_BT_ON,1015,0x3f7,,
mcu_command,CANBUS_12.07.2024.apk,classes.dex,Lcom/syu/module/canbus/FinalCanbus;,U_CNT_MAX,1200,0x4b0,,
mcu_command,CANBUS_12.07.2024.apk,classes.dex,Lcom/syu/module/canbus/FinalCanbus;,U_DOOR_BACK,5,0x5,,
mcu_command,CANBUS_12.07.2024.apk,classes.dex,Lcom/syu/module/canbus/FinalCanbus;,U_DOOR_BEGIN,0,0x0,,
mcu_command,CANBUS_12.07.2024.apk,classes.dex,Lcom/syu/module/canbus/FinalCanbus;,U_DOOR_END,6,0x6,,
mcu_command,CANBUS_12.07.2024.apk,classes.dex,Lcom/syu/module/canbus/FinalCanbus;,U_DOOR_ENGINE,0,0x0,,
mcu_command,CANBUS_12.07.2024.apk,classes.dex,Lcom/syu/module/canbus/FinalCanbus;,U_DOOR_FL,1,0x1,,
mcu_command,CANBUS_12.07.2024.apk,classes.dex,Lcom/syu/module/canbus/FinalCanbus;,U_DOOR_FR,2,0x2,,
mcu_command,CANBUS_12.07.2024.apk,classes.dex,Lcom/syu/module/canbus/FinalCanbus;,U_DOOR_RL,3,0x3,,
mcu_command,CANBUS_12.07.2024.apk,classes.dex,Lcom/syu/module/canbus/FinalCanbus;,U_DOOR_RR,4,0x4,,
mcu_command,CANBUS_12.07.2024.apk,classes.dex,Lcom/syu/module/canbus/FinalCanbus;,U_DOOR_WINDOW_ENABLE,1002,0x3ea,,
mcu_command,CANBUS_12.07.2024.apk,classes.dex,Lcom/syu/module/canbus/FinalCanbus;,U_DRIVER_ON_RIGHT,1003,0x3eb,,
mcu_command,CANBUS_12.07.2024.apk,classes.dex,Lcom/syu/module/canbus/FinalCanbus;,U_EXIST_AIR,1007,0x3ef,,
mcu_command,CANBUS_12.07.2024.apk,classes.dex,Lcom/syu/module/canbus/FinalCanbus;,U_MISC_BEGIN,1000,0x3e8,,
mcu_command,CANBUS_12.07.2024.apk,classes.dex,Lcom/syu/module/canbus/FinalCanbus;,U_ORI_CARBACK,1021,0x3fd,,
mcu_command,CANBUS_12.07.2024.apk,classes.dex,Lcom/syu/module/canbus/FinalCanbus;,U_SHOW_AIR_WINDOW,1008,0x3f0,,
profile,US_12.07.2024.apk,classes.dex,Lcom/lsec/core/util/data/FinalCanbus;,CAR_439_CXW_Kairui_K50,8847799,0x8701b7,439,135
profile,US_12.07.2024.apk,classes.dex,Lcom/lsec/core/util/data/FinalCanbus;,CAR_439_HC_Qiya_KaiZunK7,4719031,0x4801b7,439,72
profile,US_12.07.2024.apk,classes.dex,Lcom/lsec/core/util/data/FinalCanbus;,CAR_447_OD_RZC_19Tusheng_H,131519,0x201bf,447,2
profile,US_12.07.2024.apk,classes.dex,Lcom/lsec/core/util/data/FinalCanbus;,CAR_447_OD_RZC_19Tusheng_Top,197055,0x301bf,447,3
profile,US_12.07.2024.apk,classes.dex,Lcom/lsec/core/util/data/FinalCanbus;,CAR_447_RZC_19IX45_H,328127,0x501bf,447,5
profile,US_12.07.2024.apk,classes.dex,Lcom/lsec/core/util/data/FinalCanbus;,CAR_447_RZC_19IX45_Top,393663,0x601bf,447,6
profile,US_12.07.2024.apk,classes.dex,Lcom/lsec/core/util/data/FinalCanbus;,CAR_BNR_ShuPing_Sonata8,393571,0x60163,355,6
profile,US_12.07.2024.apk,classes.dex,Lcom/lsec/core/util/data/FinalCanbus;,CAR_BNR_ShuPing_Sonata8_AMP,459107,0x70163,355,7
profile,US_12.07.2024.apk,classes.dex,Lcom/lsec/core/util/data/FinalCanbus;,CAR_BNR_ShuPing_Sonata8_AMP_KEEPAIRPANEL,524643,0x80163,355,8
profile,US_12.07.2024.apk,classes.dex,Lcom/lsec/core/util/data/FinalCanbus;,CAR_CYT_SHuPing_SoNaTa8,196776,0x300a8,168,3
profile,US_12.07.2024.apk,classes.dex,Lcom/lsec/core/util/data/FinalCanbus;,CAR_CYT_SHuPing_SoNaTa8_D,327848,0x500a8,168,5
profile,US_12.07.2024.apk,classes.dex,Lcom/lsec/core/util/data/FinalCanbus;,CAR_CYT_SHuPing_SoNaTa8_H,262312,0x400a8,168,4
profile,US_12.07.2024.apk,classes.dex,Lcom/lsec/core/util/data/FinalCanbus;,CAR_CYT_ShuPing_QiYaK3,423,0x1a7,423,0
profile,US_12.07.2024.apk,classes.dex,Lcom/lsec/core/util/data/FinalCanbus;,CAR_CYT_ShuPing_QiYaK3_H,65959,0x101a7,423,1
profile,US_12.07.2024.apk,classes.dex,Lcom/lsec/core/util/data/FinalCanbus;,CAR_RZC3_16_QiYaK5,362,0x16a,362,0
profile,US_12.07.2024.apk,classes.dex,Lcom/lsec/core/util/data/FinalCanbus;,CAR_RZC3_SoNaTa9,249,0xf9,249,0
profile,US_12.07.2024.apk,classes.dex,Lcom/lsec/core/util/data/FinalCanbus;,CAR_RZC3_SoNaTa9_H,131321,0x200f9,249,2
profile,US_12.07.2024.apk,classes.dex,Lcom/lsec/core/util/data/FinalCanbus;,CAR_RZC3_XiandaiIX35_H,131209,0x20089,137,2
profile,US_12.07.2024.apk,classes.dex,Lcom/lsec/core/util/data/FinalCanbus;,CAR_RZC3_XiandaiIX35_L,137,0x89,137,0
profile,US_12.07.2024.apk,classes.dex,Lcom/lsec/core/util/data/FinalCanbus;,CAR_RZC3_XiandaiIX45,102,0x66,102,0
profile,US_12.07.2024.apk,classes.dex,Lcom/lsec/core/util/data/FinalCanbus;,CAR_RZC3_ZYC_IX35,119,0x77,119,0
profile,US_12.07.2024.apk,classes.dex,Lcom/lsec/core/util/data/FinalCanbus;,CAR_RZC3_ZYC_IX35_H,131191,0x20077,119,2
profile,US_12.07.2024.apk,classes.dex,Lcom/lsec/core/util/data/FinalCanbus;,CAR_RZC_16_QiYaKX5,393,0x189,393,0
profile,US_12.07.2024.apk,classes.dex,Lcom/lsec/core/util/data/FinalCanbus;,CAR_RZC_16_QiYaKX5_H,131465,0x20189,393,2
profile,US_12.07.2024.apk,classes.dex,Lcom/lsec/core/util/data/FinalCanbus;,CAR_RZC_16_QiYaKX5_M,65929,0x10189,393,1
profile,US_12.07.2024.apk,classes.dex,Lcom/lsec/core/util/data/FinalCanbus;,CAR_RZC_16_QiYaKaiShen,262537,0x40189,393,4
profile,US_12.07.2024.apk,classes.dex,Lcom/lsec/core/util/data/FinalCanbus;,CAR_WC1_XianDaiIX45,55,0x37,55,0
profile,US_12.07.2024.apk,classes.dex,Lcom/lsec/core/util/data/FinalCanbus;,CAR_WC1_XianDaiIX45_H,131127,0x20037,55,2
profile,US_12.07.2024.apk,classes.dex,Lcom/lsec/core/util/data/FinalCanbus;,CAR_WC2_16TuSheng,366,0x16e,366,0
profile,US_12.07.2024.apk,classes.dex,Lcom/lsec/core/util/data/FinalCanbus;,CAR_WC2_16_QiYaK5,351,0x15f,351,0
profile,US_12.07.2024.apk,classes.dex,Lcom/lsec/core/util/data/FinalCanbus;,CAR_WC2_SoNaTa,75,0x4b,75,0
profile,US_12.07.2024.apk,classes.dex,Lcom/lsec/core/util/data/FinalCanbus;,CAR_WC_16_QiYaKX5,394,0x18a,394,0
profile,US_12.07.2024.apk,classes.dex,Lcom/lsec/core/util/data/FinalCanbus;,CAR_WC_16_QiYaKX5_WITH_CYT_SHUPING_K3AIR,262538,0x4018a,394,4
profile,US_12.07.2024.apk,classes.dex,Lcom/lsec/core/util/data/FinalCanbus;,CAR_WC_16_QiYaLINGDONG,65930,0x1018a,394,1
profile,US_12.07.2024.apk,classes.dex,Lcom/lsec/core/util/data/FinalCanbus;,CAR_WC_Sonata9,459146,0x7018a,394,7
profile,US_12.07.2024.apk,classes.dex,Lcom/lsec/core/util/data/FinalCanbus;,CAR_WC_Sonata9_AMP,524682,0x8018a,394,8
profile,US_12.07.2024.apk,classes.dex,Lcom/lsec/core/util/data/FinalCanbus;,CAR_XBS_IX35,196745,0x30089,137,3
profile,US_12.07.2024.apk,classes.dex,Lcom/lsec/core/util/data/FinalCanbus;,CAR_XBS_XP1_16QIYA_K5,389,0x185,389,0
profile,US_12.07.2024.apk,classes.dex,Lcom/lsec/core/util/data/FinalCanbus;,CAR_XBS_XP1_16QIYA_K5_H,131461,0x20185,389,2
profile,US_12.07.2024.apk,classes.dex,Lcom/lsec/core/util/data/FinalCanbus;,CAR_XBS_XP1_16QIYA_K5_M,65925,0x10185,389,1
profile,US_12.07.2024.apk,classes.dex,Lcom/lsec/core/util/data/FinalCanbus;,CAR_XP1_16_QiYaKX5,391,0x187,391,0
profile,US_12.07.2024.apk,classes.dex,Lcom/lsec/core/util/data/FinalCanbus;,CAR_XP1_16_TuSheng,367,0x16f,367,0
profile,US_12.07.2024.apk,classes.dex,Lcom/lsec/core/util/data/FinalCanbus;,CAR_XP1_16_TuSheng_H,65903,0x1016f,367,1
profile,US_12.07.2024.apk,classes.dex,Lcom/lsec/core/util/data/FinalCanbus;,CAR_XP1_18SoNaTa9_L,655626,0xa010a,266,10
profile,US_12.07.2024.apk,classes.dex,Lcom/lsec/core/util/data/FinalCanbus;,CAR_XP1_18SoNaTa9_M,721162,0xb010a,266,11
profile,US_12.07.2024.apk,classes.dex,Lcom/lsec/core/util/data/FinalCanbus;,CAR_XP1_SoNaTa9,266,0x10a,266,0
profile,US_12.07.2024.apk,classes.dex,Lcom/lsec/core/util/data/FinalCanbus;,CAR_XP1_SoNaTa9_AMP,131338,0x2010a,266,2
profile,US_12.07.2024.apk,classes.dex,Lcom/lsec/core/util/data/FinalCanbus;,CAR_XP1_SoNaTa_H,131240,0x200a8,168,2
profile,US_12.07.2024.apk,classes.dex,Lcom/lsec/core/util/data/FinalCanbus;,CAR_XP1_SoNaTa_L,168,0xa8,168,0
profile,US_12.07.2024.apk,classes.dex,Lcom/lsec/core/util/data/FinalCanbus;,CAR_XP1_SoNaTa_M,65704,0x100a8,168,1
profile,US_12.07.2024.apk,classes.dex,Lcom/lsec/core/util/data/FinalCanbus;,CAR_XP1_XiandaiIX45_H,131103,0x2001f,31,2
profile,US_12.07.2024.apk,classes.dex,Lcom/lsec/core/util/data/FinalCanbus;,CAR_XP1_XiandaiIX45_L,31,0x1f,31,0
profile,US_12.07.2024.apk,classes.dex,Lcom/lsec/core/util/data/FinalCanbus;,CAR_XP1_XiandaiIX45_M,65567,0x1001f,31,1
profile,US_12.07.2024.apk,classes.dex,Lcom/lsec/core/util/data/FinalCanbus;,CAR_XP2_XiandaiIX35,15,0xf,15,0
profile,US_12.07.2024.apk,classes.dex,Lcom/lsec/core/util/data/FinalCanbus;,CAR_XP_QiYaK5,355,0x163,355,0
profile,US_12.07.2024.apk,classes.dex,Lcom/lsec/core/util/data/FinalCanbus;,CAR_XP_QiYaK5_H,131427,0x20163,355,2
profile,US_12.07.2024.apk,classes.dex,Lcom/lsec/core/util/data/FinalCanbus;,CAR_XP_QiYaK5_M,65891,0x10163,355,1
mcu_command,US_12.07.2024.apk,classes.dex,Lcom/lsec/core/util/data/FinalCanbus;,C_AIR_WINDOW_ENABLE,1009,0x3f1,,
mcu_command,US_12.07.2024.apk,classes.dex,Lcom/lsec/core/util/data/FinalCanbus;,C_CAMERA_MODE,1005,0x3ed,,
mcu_command,US_12.07.2024.apk,classes.dex,Lcom/lsec/core/util/data/FinalCanbus;,C_CANBUS_BACKCAR_FUNC,1015,0x3f7,,
mcu_command,US_12.07.2024.apk,classes.dex,Lcom/lsec/core/util/data/FinalCanbus;,C_CANBUS_FRAME_TO_MCU,1008,0x3f0,,
mcu_command,US_12.07.2024.apk,classes.dex,Lcom/lsec/core/util/data/FinalCanbus;,C_CANBUS_FRAME_TO_MCU_0X10,1013,0x3f5,,
mcu_command,US_12.07.2024.apk,classes.dex,Lcom/lsec/core/util/data/FinalCanbus;,C_CANBUS_FRAME_TO_MTU,1012,0x3f4,,
mcu_command,US_12.07.2024.apk,classes.dex,Lcom/lsec/core/util/data/FinalCanbus;,C_CANBUS_ID,1000,0x3e8,,
mcu_command,US_12.07.2024.apk,classes.dex,Lcom/lsec/core/util/data/FinalCanbus;,C_CANBUS_KEY_FUNC,1014,0x3f6,,
mcu_command,US_12.07.2024.apk,classes.dex,Lcom/lsec/core/util/data/FinalCanbus;,C_CHANGE_PANORAMA,1003,0x3eb,,
mcu_command,US_12.07.2024.apk,classes.dex,Lcom/lsec/core/util/data/FinalCanbus;,C_CMD_360_TOUCH,1029,0x405,,
mcu_command,US_12.07.2024.apk,classes.dex,Lcom/lsec/core/util/data/FinalCanbus;,C_CMD_360_TOUCH_LY,2,0x2,,
mcu_command,US_12.07.2024.apk,classes.dex,Lcom/lsec/core/util/data/FinalCanbus;,C_CMD_AIR_AUTOClEAN,11,0xb,,
mcu_command,US_12.07.2024.apk,classes.dex,Lcom/lsec/core/util/data/FinalCanbus;,C_CMD_INCAR_AUTOLOCK,13,0xd,,
mcu_command,US_12.07.2024.apk,classes.dex,Lcom/lsec/core/util/data/FinalCanbus;,C_CMD_INCAR_AUTOVENTILATION,12,0xc,,
mcu_command,US_12.07.2024.apk,classes.dex,Lcom/lsec/core/util/data/FinalCanbus;,C_CMD_NONSLIP_SET,9,0x9,,
mcu_command,US_12.07.2024.apk,classes.dex,Lcom/lsec/core/util/data/FinalCanbus;,C_CMD_RAMP_START,14,0xe,,
mcu_command,US_12.07.2024.apk,classes.dex,Lcom/lsec/core/util/data/FinalCanbus;,C_CMD_SAFE_DRIVER,8,0x8,,
mcu_command,US_12.07.2024.apk,classes.dex,Lcom/lsec/core/util/data/FinalCanbus;,C_CMD_SPEED_ALARM,3,0x3,,
mcu_command,US_12.07.2024.apk,classes.dex,Lcom/lsec/core/util/data/FinalCanbus;,C_CMD_STARTPROMPT,10,0xa,,
mcu_command,US_12.07.2024.apk,classes.dex,Lcom/lsec/core/util/data/FinalCanbus;,C_CMD_TIME_SETTINGS,7,0x7,,
mcu_command,US_12.07.2024.apk,classes.dex,Lcom/lsec/core/util/data/FinalCanbus;,C_CMD_VIEDO,1,0x1,,
mcu_command,US_12.07.2024.apk,classes.dex,Lcom/lsec/core/util/data/FinalCanbus;,C_DOOR_WINDOW_ENABLE,1010,0x3f2,,
mcu_command,US_12.07.2024.apk,classes.dex,Lcom/lsec/core/util/data/FinalCanbus;,C_DRIVER_ON_RIGHT,1001,0x3e9,,
mcu_command,US_12.07.2024.apk,classes.dex,Lcom/lsec/core/util/data/FinalCanbus;,C_MISC_BEGIN,1000,0x3e8,,
mcu_command,US_12.07.2024.apk,classes.dex,Lcom/lsec/core/util/data/FinalCanbus;,C_ONSTAR_SYNC_ON,1011,0x3f3,,
mcu_command,US_12.07.2024.apk,classes.dex,Lcom/lsec/core/util/data/FinalCanbus;,C_PARK_CMDID,1031,0x407,,
mcu_command,US_12.07.2024.apk,classes.dex,Lcom/lsec/core/util/data/FinalCanbus;,C_RIGHT_CAMERA_STATE,1016,0x3f8,,
mcu_command,US_12.07.2024.apk,classes.dex,Lcom/lsec/core/util/data/FinalCanbus;,C_SHOW_AIR_WINDOW,1002,0x3ea,,
mcu_command,US_12.07.2024.apk,classes.dex,Lcom/lsec/core/util/data/FinalCanbus;,C_SHOW_DOOR_WINDOW,1004,0x3ec,,
mcu_command,US_12.07.2024.apk,classes.dex,Lcom/lsec/core/util/data/FinalCanbus;,G_MCU_CANBUS_SUPPORT,1000,0x3e8,,
mcu_command,US_12.07.2024.apk,classes.dex,Lcom/lsec/core/util/data/FinalCanbus;,G_MISC_BEGIN,1000,0x3e8,,
mcu_command,US_12.07.2024.apk,classes.dex,Lcom/lsec/core/util/data/FinalCanbus;,MCU_CANBUS_SUPPORT_CNT_MAX,1000,0x3e8,,
mcu_command,US_12.07.2024.apk,classes.dex,Lcom/lsec/core/util/data/FinalCanbus;,TIP_CANBUS_UNSUPPORT,0,0x0,,
mcu_command,US_12.07.2024.apk,classes.dex,Lcom/lsec/core/util/data/FinalCanbus;,U_AIR_CONTROL_PAGE,1014,0x3f6,,
mcu_command,US_12.07.2024.apk,classes.dex,Lcom/lsec/core/util/data/FinalCanbus;,U_AIR_WINDOW_ENABLE,1001,0x3e9,,
mcu_command,US_12.07.2024.apk,classes.dex,Lcom/lsec/core/util/data/FinalCanbus;,U_CAMERA_MODE,1013,0x3f5,,
mcu_command,US_12.07.2024.apk,classes.dex,Lcom/lsec/core/util/data/FinalCanbus;,U_CANBUS_AIR_VER,1023,0x3ff,,
mcu_command,US_12.07.2024.apk,classes.dex,Lcom/lsec/core/util/data/FinalCanbus;,U_CANBUS_FRAME_TO_MTU,1024,0x400,,
mcu_command,US_12.07.2024.apk,classes.dex,Lcom/lsec/core/util/data/FinalCanbus;,U_CANBUS_FRAME_TO_UI,1019,0x3fb,,
mcu_command,US_12.07.2024.apk,classes.dex,Lcom/lsec/core/util/data/FinalCanbus;,U_CANBUS_ID,1000,0x3e8,,
mcu_command,US_12.07.2024.apk,classes.dex,Lcom/lsec/core/util/data/FinalCanbus;,U_CANBUS_PM25_CAR_IN,1027,0x403,,
mcu_command,US_12.07.2024.apk,classes.dex,Lcom/lsec/core/util/data/FinalCanbus;,U_CANBUS_PM25_CAR_OUT,1028,0x404,,
mcu_command,US_12.07.2024.apk,classes.dex,Lcom/lsec/core/util/data/FinalCanbus;,U_CANBUS_PM25_ENABLE,1029,0x405,,
mcu_command,US_12.07.2024.apk,classes.dex,Lcom/lsec/core/util/data/FinalCanbus;,U_CANBUS_SLAVECAR_BACKLIGHT,1026,0x402,,
mcu_command,US_12.07.2024.apk,classes.dex,Lcom/lsec/core/util/data/FinalCanbus;,U_CANBUS_SLAVECAR_TOUCH_CALI,1025,0x401,,
mcu_command,US_12.07.2024.apk,classes.dex,Lcom/lsec/core/util/data/FinalCanbus;,U_CANBUS_VER,1005,0x3ed,,
mcu_command,US_12.07.2024.apk,classes.dex,Lcom/lsec/core/util/data/FinalCanbus;,U_CARINFO_360_WORK_STATE,67,0x43,,
mcu_command,US_12.07.2024.apk,classes.dex,Lcom/lsec/core/util/data/FinalCanbus;,U_CARINFO_ACC_WORK_MODE,69,0x45,,
mcu_command,US_12.07.2024.apk,classes.dex,Lcom/lsec/core/util/data/FinalCanbus;,U_CARINFO_AIR_AUTOClEAN_ONOFF,112,0x70,,
mcu_command,US_12.07.2024.apk,classes.dex,Lcom/lsec/core/util/data/FinalCanbus;,U_CARINFO_AUTO_BRAKE_ASSIST_SWITCH,78,0x4e,,
mcu_command,US_12.07.2024.apk,classes.dex,Lcom/lsec/core/util/data/FinalCanbus;,U_CARINFO_BCM_ENABLE,106,0x6a,,
mcu_command,US_12.07.2024.apk,classes.dex,Lcom/lsec/core/util/data/FinalCanbus;,U_CARINFO_CRASH_SWITCH,65,0x41,,
mcu_command,US_12.07.2024.apk,classes.dex,Lcom/lsec/core/util/data/FinalCanbus;,U_CARINFO_INCAR_AUTOLOCK_ONOFF,107,0x6b,,
mcu_command,US_12.07.2024.apk,classes.dex,Lcom/lsec/core/util/data/FinalCanbus;,U_CARINFO_INCAR_AUTOVENTILATION_ENABLE,105,0x69,,
mcu_command,US_12.07.2024.apk,classes.dex,Lcom/lsec/core/util/data/FinalCanbus;,U_CARINFO_INCAR_AUTOVENTILATION_ONOFF,104,0x68,,
mcu_command,US_12.07.2024.apk,classes.dex,Lcom/lsec/core/util/data/FinalCanbus;,U_CARINFO_LANE_DEVIATION_SYS_STATE,64,0x40,,
mcu_command,US_12.07.2024.apk,classes.dex,Lcom/lsec/core/util/data/FinalCanbus;,U_CARINFO_NONSLIP_STATE,98,0x62,,
mcu_command,US_12.07.2024.apk,classes.dex,Lcom/lsec/core/util/data/FinalCanbus;,U_CARINFO_NONSLIP_STATE_ENABLE,102,0x66,,
mcu_command,US_12.07.2024.apk,classes.dex,Lcom/lsec/core/util/data/FinalCanbus;,U_CARINFO_NONSLIP_STATE_NEW,111,0x6f,,
mcu_command,US_12.07.2024.apk,classes.dex,Lcom/lsec/core/util/data/FinalCanbus;,U_CARINFO_RAMP_START,114,0x72,,
mcu_command,US_12.07.2024.apk,classes.dex,Lcom/lsec/core/util/data/FinalCanbus;,U_CARINFO_STARTPROMPT,99,0x63,,
mcu_command,US_12.07.2024.apk,classes.dex,Lcom/lsec/core/util/data/FinalCanbus;,U_CARINFO_SUPERFASTCHARGE_NUMBER,88,0x58,,
mcu_command,US_12.07.2024.apk,classes.dex,Lcom/lsec/core/util/data/FinalCanbus;,U_CARINFO_SUPERFASTCHARGE_STATE,87,0x57,,
mcu_command,US_12.07.2024.apk,classes.dex,Lcom/lsec/core/util/data/FinalCanbus;,U_CARINFO_TIME,49,0x31,,
mcu_command,US_12.07.2024.apk,classes.dex,Lcom/lsec/core/util/data/FinalCanbus;,U_CAR_BACKCAR,101,0x65,,
mcu_command,US_12.07.2024.apk,classes.dex,Lcom/lsec/core/util/data/FinalCanbus;,U_CAR_BT_ON,1015,0x3f7,,
mcu_command,US_12.07.2024.apk,classes.dex,Lcom/lsec/core/util/data/FinalCanbus;,U_CNT_MAX,1200,0x4b0,,
mcu_command,US_12.07.2024.apk,classes.dex,Lcom/lsec/core/util/data/FinalCanbus;,U_CUR_SPEED,1031,0x407,,
mcu_command,US_12.07.2024.apk,classes.dex,Lcom/lsec/core/util/data/FinalCanbus;,U_DOOR_WINDOW_ENABLE,1002,0x3ea,,
mcu_command,US_12.07.2024.apk,classes.dex,Lcom/lsec/core/util/data/FinalCanbus;,U_DRIVER_ON_RIGHT,1003,0x3eb,,
mcu_command,US_12.07.2024.apk,classes.dex,Lcom/lsec/core/util/data/FinalCanbus;,U_ENGINE_SPEED,1032,0x408,,
mcu_command,US_12.07.2024.apk,classes.dex,Lcom/lsec/core/util/data/FinalCanbus;,U_EXIST_AIR,1007,0x3ef,,
mcu_command,US_12.07.2024.apk,classes.dex,Lcom/lsec/core/util/data/FinalCanbus;,U_EXIST_AIR_CONTROL,1018,0x3fa,,
mcu_command,US_12.07.2024.apk,classes.dex,Lcom/lsec/core/util/data/FinalCanbus;,U_EXIST_CAR_DVR,1034,0x40a,,
mcu_command,US_12.07.2024.apk,classes.dex,Lcom/lsec/core/util/data/FinalCanbus;,U_EXIST_CAR_RADIO,1016,0x3f8,,
mcu_command,US_12.07.2024.apk,classes.dex,Lcom/lsec/core/util/data/FinalCanbus;,U_EXIST_CAR_ROTATING,1035,0x40b,,
mcu_command,US_12.07.2024.apk,classes.dex,Lcom/lsec/core/util/data/FinalCanbus;,U_EXIST_DOOR,1004,0x3ec,,
mcu_command,US_12.07.2024.apk,classes.dex,Lcom/lsec/core/util/data/FinalCanbus;,U_EXIST_PANORAMA,1009,0x3f1,,
mcu_command,US_12.07.2024.apk,classes.dex,Lcom/lsec/core/util/data/FinalCanbus;,U_EXIST_TEMP_OUT,1012,0x3f4,,
mcu_command,US_12.07.2024.apk,classes.dex,Lcom/lsec/core/util/data/FinalCanbus;,U_GPS_ANGLE,1033,0x409,,
mcu_command,US_12.07.2024.apk,classes.dex,Lcom/lsec/core/util/data/FinalCanbus;,U_HIDE_RADIO,1036,0x40c,,
mcu_command,US_12.07.2024.apk,classes.dex,Lcom/lsec/core/util/data/FinalCanbus;,U_MCU_CANBUS_SUPPORT_CNT,1010,0x3f2,,
mcu_command,US_12.07.2024.apk,classes.dex,Lcom/lsec/core/util/data/FinalCanbus;,U_MISC_BEGIN,1000,0x3e8,,
mcu_command,US_12.07.2024.apk,classes.dex,Lcom/lsec/core/util/data/FinalCanbus;,U_ONSTAR_SYNC_ON,1022,0x3fe,,
mcu_command,US_12.07.2024.apk,classes.dex,Lcom/lsec/core/util/data/FinalCanbus;,U_ORI_CARBACK,1021,0x3fd,,
mcu_command,US_12.07.2024.apk,classes.dex,Lcom/lsec/core/util/data/FinalCanbus;,U_PARK_MODE,1039,0x40f,,
mcu_command,US_12.07.2024.apk,classes.dex,Lcom/lsec/core/util/data/FinalCanbus;,U_REAR_MOVE_TYPE,1040,0x410,,
mcu_command,US_12.07.2024.apk,classes.dex,Lcom/lsec/core/util/data/FinalCanbus;,U_RIGHT_CAMERA_ON_OFF,1017,0x3f9,,
mcu_command,US_12.07.2024.apk,classes.dex,Lcom/lsec/core/util/data/FinalCanbus;,U_RIGHT_CAMERA_STATE,1020,0x3fc,,
mcu_command,US_12.07.2024.apk,classes.dex,Lcom/lsec/core/util/data/FinalCanbus;,U_SHOW_AIR_WINDOW,1008,0x3f0,,
mcu_command,US_12.07.2024.apk,classes.dex,Lcom/lsec/core/util/data/FinalCanbus;,U_SHOW_BACKCAR_HOST,1030,0x406,,
mcu_command,US_12.07.2024.apk,classes.dex,Lcom/lsec/core/util/data/FinalCanbus;,U_SHOW_DOOR_WINDOW,1011,0x3f3,,
mcu_command,US_12.07.2024.apk,classes.dex,Lcom/lsec/core/util/data/FinalCanbus;,U_TIP_ID,1006,0x3ee,,
mcu_command,US_12.07.2024.apk,classes.dex,Lcom/lsec/core/util/data/FinalCanbus;,U_UISERVR_TYPE,1037,0x40d,,
